{
  "num_generated": 1000000,
  "num_valid": 990032,
  "validity_ratio": 0.990032,
  "entropy": 2.8701282956278775,
  "ngram_diversity_2": 2.669099818060811e-05,
  "ngram_diversity_3": 0.0005631490736047699,
  "uniqueness_ratio": 1.0,
  "mean_length": 16.137213746626372,
  "std_length": 1.2133745199838468,
  "min_length": 5,
  "max_length": 20,
  "length_in_range_ratio": 0.999793946054269,
  "mean_instability_index": 29.413819133216073,
  "stable_ratio": 0.6941,
  "mean_gravy": 0.009479408921101225,
  "mean_amp_probability": 0.8365344000000001,
  "probable_amp_ratio": 0.9702
}